,Mittelwert von Max Temp,,,,,,,,,,,,,,,,,,,,,,,,,,,,,,,,,,,Mittelwert von Min Temp,,,,,,,,,,,,,,,,,,,,,,,,,,,,,,,,,,,Mittelwert von Relative Humidity,,,,,,,,,,,,,,,,,,,,,,,,,,,,,,,,,,,Mittelwert von Rainfall,,,,,,,,,,,,,,,,,,,,,,,,,,,,,,,,,,
,Barisal,Bhola,Bogra,Chandpur,Chittagong (City-Ambagan),Chittagong (IAP-Patenga),Chuadanga,Comilla,Cox's Bazar,Dhaka,Dinajpur,Faridpur,Feni,Hatiya,Ishurdi,Jessore,Khepupara,Khulna,Kutubdia,Madaripur,Maijdee Court,Mongla,Mymensingh,Patuakhali,Rajshahi,Rangamati,Rangpur,Sandwip,Satkhira,Sitakunda,Srimangal,Syedpur,Sylhet,Tangail,Teknaf,Barisal,Bhola,Bogra,Chandpur,Chittagong (City-Ambagan),Chittagong (IAP-Patenga),Chuadanga,Comilla,Cox's Bazar,Dhaka,Dinajpur,Faridpur,Feni,Hatiya,Ishurdi,Jessore,Khepupara,Khulna,Kutubdia,Madaripur,Maijdee Court,Mongla,Mymensingh,Patuakhali,Rajshahi,Rangamati,Rangpur,Sandwip,Satkhira,Sitakunda,Srimangal,Syedpur,Sylhet,Tangail,Teknaf,Barisal,Bhola,Bogra,Chandpur,Chittagong (City-Ambagan),Chittagong (IAP-Patenga),Chuadanga,Comilla,Cox's Bazar,Dhaka,Dinajpur,Faridpur,Feni,Hatiya,Ishurdi,Jessore,Khepupara,Khulna,Kutubdia,Madaripur,Maijdee Court,Mongla,Mymensingh,Patuakhali,Rajshahi,Rangamati,Rangpur,Sandwip,Satkhira,Sitakunda,Srimangal,Syedpur,Sylhet,Tangail,Teknaf,Barisal,Bhola,Bogra,Chandpur,Chittagong (City-Ambagan),Chittagong (IAP-Patenga),Chuadanga,Comilla,Cox's Bazar,Dhaka,Dinajpur,Faridpur,Feni,Hatiya,Ishurdi,Jessore,Khepupara,Khulna,Kutubdia,Madaripur,Maijdee Court,Mongla,Mymensingh,Patuakhali,Rajshahi,Rangamati,Rangpur,Sandwip,Satkhira,Sitakunda,Srimangal,Syedpur,Sylhet,Tangail,Teknaf
Altitude,4,5,20,7,0,6,0,10,4,9,37,9,8,4,14,7,3,4,6,5,6,4,19,3,20,63,34,6,6,4,23,0,35,10,4,4,5,20,7,0,6,0,10,4,9,37,9,8,4,14,7,3,4,6,5,6,4,19,3,20,63,34,6,6,4,23,0,35,10,4,4,5,20,7,0,6,0,10,4,9,37,9,8,4,14,7,3,4,6,5,6,4,19,3,20,63,34,6,6,4,23,0,35,10,4,4,5,20,7,0,6,0,10,4,9,37,9,8,4,14,7,3,4,6,5,6,4,19,3,20,63,34,6,6,4,23,0,35,10,4
Latitude (degrees),22.7,22.7,24.88,23.26,22.35,22.34,23.65,23.48,21.46,23.78,25.63,23.61,23.01,22.29,24.12,23.17,21.98,22.8,21.83,23.17,22.83,22.43,24.75,22.36,24.35,22.67,25.72,22.5,22.68,22.64,24.29,25.75,24.88,24.15,20.87,22.7,22.7,24.88,23.26,22.35,22.34,23.65,23.48,21.46,23.78,25.63,23.61,23.01,22.29,24.12,23.17,21.98,22.8,21.83,23.17,22.83,22.43,24.75,22.36,24.35,22.67,25.72,22.5,22.68,22.64,24.29,25.75,24.88,24.15,20.87,22.7,22.7,24.88,23.26,22.35,22.34,23.65,23.48,21.46,23.78,25.63,23.61,23.01,22.29,24.12,23.17,21.98,22.8,21.83,23.17,22.83,22.43,24.75,22.36,24.35,22.67,25.72,22.5,22.68,22.64,24.29,25.75,24.88,24.15,20.87,22.7,22.7,24.88,23.26,22.35,22.34,23.65,23.48,21.46,23.78,25.63,23.61,23.01,22.29,24.12,23.17,21.98,22.8,21.83,23.17,22.83,22.43,24.75,22.36,24.35,22.67,25.72,22.5,22.68,22.64,24.29,25.75,24.88,24.15,20.87
1948,,,33.35,,,,,33.25833333,32.51666667,,33.625,31.6,,,,33.25,,33.64166667,,,,,33.075,,,,,,33.66666667,,32.7,,,,,,,20.575,,,,,20.80833333,21.825,,19.78333333,20.91666667,,,,20.75,,21.76666667,,,,,20.63333333,,,,,,21.39166667,,19.06666667,,,,,,,76.85286458,,,,,80.91666667,82.91666667,,73.75,80.91666667,,,,78.25,,74.83333333,,,,,78.5,,,,,,78.08333333,,80.5,,,,,,,142.8541667,,,,,283.5,324.1666667,,159.1666667,207.0833333,,,,132.1666667,,102,,,,,234.0833333,,,,,,158.25,,192.0717949,,,,
1949,33.4,,31.875,,,32.39166667,,33.4,32.25833333,,33.41666667,31.63333333,,,,34.01666667,,33.89166667,,,,,30.93333333,,,,,,34.2,,33.54166667,,,,,21.175,,20.73333333,,,20.84166667,,20.775,21.25833333,,19.41666667,20.475,,,,20.03333333,,21.29166667,,,,,20.63333333,,,,,,20.69166667,,18.6,,,,,73.58333333,,76.85286458,,,80.25,,80.5,80.58333333,,76.25,81.16666667,,,,77.25,,78.83333333,,,,,77.83333333,,,,,,83,,83.16666667,,,,,185.9166667,,142.8541667,,,280,,333.75,289.25,,191.5833333,214.4166667,,,,148.9166667,,118.6666667,,,,,169.5833333,,,,,,143.9166667,,202.25,,,,
1950,33.35,,31.73333333,,,32.65,,32.75833333,32.675,,33.60833333,31,,,,34.41666667,,33.79166667,,,,,34.19166667,,,,,,34.71666667,,33.24166667,,,,,21.825,,20.71666667,,,21.40833333,,20.94166667,21.05833333,,18.925,20.81666667,,,,19.875,,21.64166667,,,,,20.14166667,,,,,,21.025,,18.75833333,,,,,79.33333333,,74.16666667,,,78.5,,82.33333333,77.5,,75.41666667,80.58333333,,,,80.08333333,,77.16666667,,,,,80.5,,,,,,80.83333333,,87.58333333,,,,,186.5833333,,114.75,,,343.6666667,,190.8333333,329.5,,91.08333333,207.25,,,,134.9166667,,123.9166667,,,,,122.75,,,,,,152.6666667,,160,,,,
1951,33.39166667,,31.73333333,,,32.95,,32.15833333,33.26666667,,34.5,31.98333333,,,,34.825,,34.29166667,,,31.425,,33.76666667,,,,,,34.35,,33.58333333,,,,,22.05,,20.71666667,,,21.46666667,,21.16666667,20.86666667,,19.40833333,20.84166667,,,,20.06666667,,22.06666667,,,21.525,,20.29166667,,,,,,21.45833333,,18.60833333,,,,,79.33333333,,72,,,78.75,,83.33333333,77.83333333,,73,81.16666667,,,,78,,77.66666667,,,81.01209677,,79.83333333,,,,,,80.75,,86,,,,,158.25,,112.5833333,,,254.5833333,,275.8333333,319.6666667,,123.25,127.25,,,,102.5,,116.3333333,,,196.1666667,,133.5833333,,,,,,103.4166667,,230.0833333,,,,
1952,31.38333333,,34.7,,,32.86666667,,32.49166667,32.68333333,,33.625,33.2,,,,34.58333333,,34.00833333,,,32.5,,32.88333333,,,,,,33.74166667,,34.71666667,,,,,21.28333333,,20.81666667,,,21.375,,21.14166667,21.15833333,,19.875,20.83333333,,,,20.275,,21.75,,,21.25,,20.375,,,,,,21.20833333,,18.89166667,,,,,80.16666667,,71.83333333,,,79,,83.25,79.91666667,,76.25,80.91666667,,,,80.66666667,,79.83333333,,,82.75,,80.83333333,,,,,,80.41666667,,86.41666667,,,,,164.8333333,,160.5833333,,,224.75,,343.9166667,347.9166667,,181.6666667,159.4166667,,,,112.9166667,,137.5,,,288.5,,158.5833333,,,,,,133.3333333,,196.5,,,,
1953,33.83333333,,31.73333333,,,32.65,,33.08333333,32.44166667,33.15,34.3,33.71666667,,,,34.2,,34.20833333,,,32.275,,33.775,,,,,,33.40833333,,33.6,,,,,21.96666667,,20.71666667,,,21.59166667,,21.375,21.45,20.86666667,20.09166667,21,,,,20.975,,22.18333333,,,21.4,,20.93333333,,,,,,21.825,,18.99166667,,,,,80.91666667,,79.41666667,,,81.16666667,,82.91666667,82.75,77.83333333,76.5,80.75,,,,81.66666667,,80.83333333,,,81.58333333,,83.66666667,,,,,,80.91666667,,87,,,,,169,,88.16666667,,,278.6666667,,216.9166667,283,161.1666667,123.5833333,197.25,,,,155.0833333,,168.1666667,,,279.1666667,,236.3333333,,,,,,155,,224.3333333,,,,
1954,33.43333333,,33.525,,,32.41666667,,33.95,31.85833333,33.20833333,33.90833333,32.76666667,,,,34.11666667,,34.60833333,,,32.1,,33.24166667,,,,32.94897661,,34.40833333,,33.01666667,,,,,21.96666667,,20.925,,,21.65,,20.95,21.575,20.63333333,19.675,20.89166667,,,,20.54166667,,22.075,,,21.45,,20.425,,,,19.89795322,,21.40833333,,18.84166667,,,,,78.5,,75.75,,,83.08333333,,85.16666667,82.75,76.5,72.83333333,79.33333333,,,,81.41666667,,79.33333333,,,81.83333333,,81.41666667,,,,80.63636364,,79.75,,85.33333333,,,,,131.9166667,,157.5,,,302.9166667,,227.5833333,328.75,189.5,140.6666667,174.75,,,,156.5833333,,127.5833333,,,256.8333333,,136.5,,,,186.9166667,,122.8333333,,209.5833333,,,,
1955,31.375,,31.73333333,,,32.63333333,,31.04166667,32.64166667,32.86666667,33.75833333,32.675,,,,34.025,,34.25833333,,,32.46666667,,33.05833333,,,,32.94897661,,32.325,,33.275,,,,,21.28333333,,20.71666667,,,21.075,,20.9,21.3,20.51666667,19.55,20.65833333,,,,20.38333333,,21.81666667,,,21.08333333,,20.64166667,,,,19.89795322,,21.38333333,,18.41666667,,,,,80.16666667,,74.66666667,,,83.41666667,,79.41666667,81.58333333,76.16666667,73.16666667,78.25,,,,80.41666667,,79.08333333,,,81.75,,79.91666667,,,,80.63636364,,76.91666667,,84.08333333,,,,,164.8333333,,182.75,,,253.75,,180.8333333,275.3333333,132.5,164.9166667,136.25,,,,91.33333333,,142.8333333,,,258.9166667,,217.5,,,,201.1666667,,127.9166667,,219.9166667,,,,
1956,33.15,,34.35833333,,,32.60833333,,33.78333333,32.78333333,32.76666667,33.78333333,32.85,,,,33.81666667,,32.2,,,32.74166667,,33.14166667,,,,32.94897661,,33.74166667,,33.375,,32.24166667,,,21.94166667,,20.55833333,,,21.50833333,,20.625,21.325,20.825,19.24166667,20.55833333,,,,20.51666667,,21.76666667,,,21.15833333,,20.6,,,,19.89795322,,20.98333333,,18.60833333,,20.25,,,80.33333333,,77.16666667,,,82.41666667,,79.83333333,83.5,77.16666667,74.08333333,78.91666667,,,,81.16666667,,78.91666667,,,82,,80.5,,,,80.63636364,,79.66666667,,85.08333333,,78.69005848,,,250.1666667,,156,,,261,,210.5833333,305.6666667,183.4166667,181.6666667,178.3333333,,,,129.9166667,,131.8333333,,,273,,244,,,,220.8333333,,132.1666667,,257,,332.25,,
1957,33.56666667,,32.625,,,32.51666667,,33.36666667,32.61666667,33.31666667,33.99166667,33.21666667,,,,34.43333333,,34.79166667,,,33.14166667,,33.175,,,32.64166667,33.675,,34.21666667,,33.38333333,,32.75,,,22.15,,20.71666667,,,21.48333333,,20.45,21.15833333,20.65,17.75,20.24166667,,,,20.6,,22.125,,,20.84166667,,20.65,,,20.54166667,19.675,,21.09166667,,18.31666667,,19.83333333,,,80.33333333,,73.16666667,,,78.58333333,,77.66666667,79.41666667,76.25,71,77.66666667,,,,79.16666667,,78.75,,,78.08333333,,78.33333333,,,79.13690476,80.63636364,,76.66666667,,83.41666667,,79.91666667,,,125.1666667,,112.0833333,,,148.3333333,,136,217.75,129.5,103.0833333,110,,,,81.58333333,,103.25,,,207.4166667,,157.25,,,66.5,101.25,,72.91666667,,192.9166667,,258.3333333,,
1958,33.275,,36.63333333,,,33.09166667,,34.06666667,33.01666667,33.725,34.025,33.34166667,,,,34.75,,34.25,,,33.4,,33.26666667,,,35.46666667,33.86666667,,34.7,,34.05833333,,33.24166667,,,22.33333333,,21.225,,,22.1,,21.35833333,22.09166667,21.55833333,20.48333333,21.49166667,,,,21.475,,22.725,,,21.85833333,,21.10833333,,,20.1,20.05,,21.95833333,,18.98333333,,20.56666667,,,82,,73.83333333,,,79.75,,79.25,81.25,77.08333333,73.08333333,78.91666667,,,,76.83333333,,79.66666667,,,80.08333333,,80.08333333,,,79.91666667,80.63636364,,79.66666667,,82.75,,79.41666667,,,155.25,,152.8333333,,,151.4166667,,154.3333333,203.6666667,104.8333333,124,118.5833333,,,,77.5,,108.8333333,,,213.1666667,,167.8333333,,,109.6666667,197,,98.33333333,,201.75,,282.25,,
1959,32.86666667,,35.35,,,32.175,,33.9,32.01666667,32.93333333,34.23333333,32.61666667,,,,33.70833333,,33.65,,,32.55,,34.525,,,33.575,32.3,,33.78333333,,33.65,,32.23333333,,,21.79166667,,20.65833333,,,21.5,,20.83333333,21.80833333,20.84166667,19.85,20.325,,,,20.675,,22.08333333,,,21.4,,20.56666667,,,19.75,20.03333333,,21.55,,18.26666667,,20.1,,,81.33333333,,79.75,,,81,,81.33333333,82.41666667,79.66666667,76.08333333,80.16666667,,,,80,,80.83333333,,,83.16666667,,79.41666667,,,82.41666667,81.75,,79.83333333,,81.91666667,,80.75,,,269.75,,205.1666667,,,251.0833333,,205.4166667,282.9166667,204.4166667,130.1666667,234.4166667,,,,178.0833333,,218.4166667,,,295.6666667,,252.4166667,,,173,229,,200.1666667,,214.75,,382.4166667,,
1960,33.10833333,,38.15833333,,,32.95,,34.675,32.475,33.28333333,34.20833333,33.44166667,,,,33.95,,33.5,,,33.06666667,,33.625,,,34.65,33.3,,34.31666667,,35.225,,33.55833333,,,21.89166667,,20.74166667,,,21.7,,20.88333333,21.81666667,20.86666667,19.54166667,21.09166667,,,,20.91666667,,22,,,21.24166667,,20.75833333,,,20.15,19.98333333,,21.39166667,,18.66666667,,20.34166667,,,78.5,,73.83333333,,,79.5,,78.08333333,80.83333333,75.33333333,70.41666667,76.5,,,,74.66666667,,78.08333333,,,81.83333333,,76.91666667,,,79.91666667,78.25,,78.75,,78.83333333,,78.41666667,,,282.5,,112.3333333,,,180.75,,199.4166667,255.8333333,152.8333333,130.5,157.75,,,,129.6666667,,146.1666667,,,285.6666667,,169.8333333,,,168.75,155.75,,174.3333333,,1.166666667,,264.8333333,,
1961,33.15833333,,34.50833333,,,32.25833333,,33.69166667,31.675,33.41666667,33.89166667,32.83333333,,,33.78333333,34.025,,33.11666667,,,33.175,,33.73333333,,,34.03333333,33.25,,34.08333333,,33.59166667,,32.76666667,,,21.90833333,,20.46666667,,,21.75,,20.925,21.93333333,20.86666667,19.96666667,20.95,,,19.94166667,20.975,,21.39166667,,,21,,20.71666667,,,21.075,19.81666667,,21.56666667,,19.13333333,,20.225,,,80.08333333,,77.75,,,81.33333333,,78.58333333,82.58333333,78.66666667,72.83333333,79.41666667,,,75.94230769,76.08333333,,82.41666667,,,83,,80.83333333,,,80.08333333,80.25,,82.83333333,,82.58333333,,78.41666667,,,174.0833333,,124.4166667,,,308.5,,181.5,359.25,180.8333333,89,136.9166667,,,128.536859,118.4166667,,107.5833333,,,237.1666667,,114,,,282.1666667,143.0833333,,108.4166667,,0.916666667,,281.6666667,,
1962,33.275,,35.60833333,,,32.65833333,,33.75833333,32.06666667,33.28333333,34.09166667,33.15833333,,,33.60833333,34.10833333,,33.39166667,,,32.925,,33.43333333,,,34.39166667,33.11666667,,34.28333333,,34.01666667,,33.20833333,,,21.6,,20.30833333,,,21.35833333,,20.03333333,21.58333333,20.425,19.21666667,20.71666667,,,19.46666667,20.375,,21.58333333,,,20.55833333,,20.30833333,,,21.83333333,19.41666667,,20.775,,18.34166667,,19.85833333,,,76.41666667,,74.75,,,80.66666667,,78.33333333,79.5,75.08333333,70.91666667,76.83333333,,,76.58333333,76,,79.66666667,,,80.58333333,,78,,,77.41666667,79.41666667,,77.83333333,,79.91666667,,74.75,,,158.5833333,,94.33333333,,,214.9166667,,159.6666667,252.5833333,148.8333333,119.5833333,147,,,97.66666667,101.75,,129.6666667,,,260.8333333,,158,,,194.0833333,156.8333333,,108.25,,164.25,,250,,
1963,33.28333333,,36.28333333,,,32.31666667,,31.04166667,32.55,33.075,34.21666667,32.95,,,34.39166667,34.45,,33.83333333,,,32.39166667,,33.325,,,34.1,33.525,,35.25,,35.25,,33.375,,,21.75,,20.36666667,,,21.31666667,,20.9,21.40833333,20.825,19.6,19.75833333,,,19.71666667,20.7,,21.98333333,,,20.98333333,,20.475,,,22.025,19.76666667,,21.16666667,,18.51666667,,20.025,,,78.41666667,,76.75,,,79.16666667,,80.08333333,80.41666667,75.08333333,73.16666667,78,,,77.75,76.16666667,,78.91666667,,,81.16666667,,80.16666667,,,78.5,79.33333333,,80.5,,80.41666667,,76.33333333,,,171.9166667,,141.1666667,,,219,,176.9166667,333.5833333,164.25,141.9166667,147,,,125.9166667,108.3333333,,132.0833333,,,247.5833333,,166.75,,,251.25,163.9166667,,181.5,,203.9166667,,291.5833333,,
1964,31.38333333,,35.18333333,32.65833333,,33.15,,33.49166667,32.25833333,33.425,34.025,33.50833333,,,34.575,34.51666667,,35.45833333,,,32.425,,33.29166667,,34.05,33.15,33.55833333,,34.40833333,,34.05,,32.50833333,,,21.28333333,,20.80833333,22.00833333,,21.81666667,,20.95833333,22.01666667,21.39166667,20.24166667,20.76666667,,,20.44166667,21.56666667,,22.675,,,21.48333333,,20.81666667,,20.94166667,22.18333333,19.725,,21.85,,19.31666667,,20.275,,,80.16666667,,75.41666667,79.78993056,,80.66666667,,83.33333333,80.33333333,77.75,74.75,78.66666667,,,76.41666667,81.25,,78.58333333,,,83.16666667,,81.33333333,,76.58333333,78.58333333,79.41666667,,81.41666667,,83,,79.66666667,,,111.75,,137.75,168.796875,,255.9166667,,286,281.5833333,194.3333333,167.9166667,168.25,,,167.0833333,154.5833333,,142.0833333,,,274.4166667,,227.4166667,,142.5,199.75,158.5,,130,,235.9166667,,413.1666667,,
1965,31.375,,34.71666667,31.21666667,,32.61666667,,33.29166667,32.125,33.13333333,33.525,33.05833333,,,34.625,34.28333333,,34.225,,,32.45,,32.66666667,,34.03333333,34.06666667,32.83333333,,33.80833333,,33.55,,32.475,,,21.28333333,,20.48333333,21.70833333,,21.325,,20.69166667,21.625,20.925,19.95,20.75,,,20.03333333,21,,21.83333333,,,21.10833333,,20.775,,20.74166667,22.30833333,19.075,,21.05,,18.74166667,,19.99166667,,,82.41666667,,74.25,79.78993056,,80.25,,81.83333333,81.83333333,76.66666667,72.33333333,78.41666667,,,75.5,75.83333333,,76,,,81.91666667,,77.08333333,,75.5,79.83333333,79.08333333,,77.41666667,,82.5,,79.25,,,130.25,,129.1666667,168.796875,,240.4166667,,223.3333333,415.6666667,176.4166667,227.8333333,124.5833333,,,128,136.6666667,,156.0833333,,,223.5833333,,194.5833333,,117.0833333,212,142.3333333,,194.6666667,,187.3333333,,313.5833333,,
1966,31.39166667,32.4,33.55833333,33.90833333,,32.35,,33.38333333,32.475,32.55,33.525,33.13333333,,31.84166667,36.25,34.18333333,,34.50833333,,,32.14166667,,32.575,,34.04166667,34.69166667,33.18333333,31.45833333,33.89166667,,33.46666667,,30.6,,,21.3,21.225,21.025,22.35,,21.925,,21.23333333,22.2,21.39166667,20.25,21.19166667,,22.33333333,20.19166667,20.71666667,,22.15833333,,,21.60833333,,20.60833333,,20.74166667,22.69166667,19.60833333,21.33333333,21.05833333,,19.075,,20.18333333,,,83.25,83.7677305,76.25,78.33333333,,81.16666667,,83.25,81.58333333,75.5,71.41666667,75.83333333,,83.83333333,74.58333333,74.83333333,,78.91666667,,,80.41666667,,76.75,,73.91666667,78.91666667,79.83333333,83.48188406,76.91666667,,81.75,,78.41666667,,,173.3333333,157.25,102.8333333,135.75,,206.3333333,,207.5833333,345,155.4166667,125.5833333,111.6666667,,240.5833333,87.16666667,96,,117.5,,,259.8333333,,145.0833333,,142.75,180.5833333,102.5833333,307.3333333,58.08333333,,237.75,,317.75,,
1967,32.55833333,32.21666667,33.31666667,32.95833333,,32.13333333,,32.58333333,31.8,32.98333333,32.4,32.85,,31.525,32.35,33.775,,32.2,,,32.125,,32.96666667,,33.98333333,34.975,33.39166667,31.64166667,33.34166667,,33.39166667,,32.41666667,,,20.575,21.09166667,19.65,21.76666667,,21.56666667,,20.58333333,21.70833333,20.89166667,19.85,20.53333333,,20.85,20.23333333,20.15,,21.75833333,,,20.925,,20.48333333,,20.425,22.36666667,19.23333333,21.73333333,21.26666667,,18.525,,20.08333333,,,81.41666667,84.08333333,76.25,80.75,,80.16666667,,79.75,80.08333333,75.41666667,72.91666667,75.66666667,,80.91666667,68.58333333,74.25,,78.91666667,,,79.25,,76,,75.16666667,78.41666667,80,87.41666667,76.91666667,,81.33333333,,77.83333333,,,156.5,205.0833333,119,151,,158.6666667,,179.1666667,359.3333333,171.0833333,130.8333333,122.3333333,,226.6666667,115.5833333,113.1666667,,131.8333333,,,243,,157.3333333,,95.25,172.9166667,143.5833333,254.5,115.9166667,,196.75,,295.1666667,,
1968,33.93333333,32.175,33.10833333,33.15,,32.19166667,,33.18333333,31.6,33.3,33.28333333,33.66666667,,31.41666667,33.61666667,33.50833333,,34.825,,,32.46666667,,33.01666667,,33.48333333,34.63333333,30.94166667,32.23333333,32.325,,33.59166667,,32.85,,,20.80833333,21.05833333,20.35833333,21.96666667,,21.28333333,,20.70833333,21.61666667,21.00833333,19.81666667,20.40833333,,21.6,19.9,20.55,,22.01666667,,,21.04166667,,20.625,,20.5,22.14166667,19.75833333,21.84166667,21.39166667,,18.39166667,,19.66666667,,,80.91666667,85.25,76.25,78.41666667,,79.16666667,,79.75,80.58333333,74.66666667,71.83333333,77.25,,82.25,74.58333333,73.66666667,,78.08333333,,,79,,76.5,,75.25,79,80.16666667,83.41666667,76.91666667,,82.16666667,,78.25,,,201,104.5833333,137.3333333,194.75,,210.0833333,,201.3333333,326.6666667,158.3333333,151.25,131.5,,241.4166667,88.25,166.25,,107,,,275.6666667,,184.5,,123.0833333,233.3333333,167.5833333,253.6666667,127.9166667,,206.4166667,,356.4166667,,
1969,33.04166667,32.5,34.94166667,33.88333333,,32.44166667,,34.06666667,31.99166667,33.41666667,33.725,33.525,,31.55833333,34.00833333,34.58333333,,35.3,,,33.10833333,,32.8,,32.26666667,34.625,33.70833333,32.04166667,34.01666667,,33.88333333,,33.025,,,21.08333333,21.13333333,20.56666667,22.2,,21.06666667,,20.96666667,21.54166667,21.24166667,20.34166667,20.95833333,,21.34166667,20.01666667,20.59166667,,22.475,,,21.19166667,,20.70833333,,20.525,22.14166667,18.18333333,22.41666667,21.13333333,,18.58333333,,19.85833333,,,81.16666667,86,74.08333333,78.91666667,,79.66666667,,79.75,81.58333333,75.25,74.58333333,77.58333333,,82.91666667,76.66666667,74.58333333,,79.58333333,,,78,,76,,71.83333333,80.08333333,80.83333333,81,83.91666667,,81.91666667,,77.5,,,171.4166667,259.8333333,127.5833333,157.0833333,,252.9166667,,228.25,340.0833333,128.3333333,169.1666667,119.5,,254.9166667,153.75,138.4166667,,148,,,272.5,,183.75,,196,203.25,192.75,267.25,155.5833333,,181.25,,313.0833333,,
1970,32.5,32.54166667,35.75833333,32.58333333,,32.4,,33.4,32.35,33.25833333,33.69166667,33.23333333,,31.08333333,34.70833333,34.24166667,,34.925,,,32.39166667,,32.94166667,,32.26666667,34.4,33.55833333,32.15833333,33.75,,33.13333333,,32.725,,,21.34166667,21.13333333,20.925,22.09166667,,21.51666667,,21.89166667,21.61666667,21.46666667,20.35833333,20.925,,22.36666667,20.65,20.88333333,,22.45,,,21.33333333,,20.75,,20.525,22.35833333,18.89166667,23.125,20.875,,19.06666667,,20.04166667,,,82.08333333,87.33333333,75.58333333,79.58333333,,80.5,,85.16666667,79.25,76.25,73.25,77.66666667,,80.5,74.66666667,75.66666667,,78.91666667,,,81.08333333,,75,,72.66666667,79.41666667,83.33333333,87.41666667,80.83333333,,83,,79.75,,,201.0833333,172.8333333,149.5,131.6666667,,235.6666667,,144.3333333,322.75,166.25,118.5833333,179.3333333,,231.4166667,121.8333333,175.6666667,,162.5,,,305.5,,162.1666667,,125.5833333,213.6666667,166.4166667,254.9166667,128.6666667,,191.9166667,,456.1666667,,
1971,32.19166667,31.89166667,32.60833333,31.325,,31.725,,32.94166667,31.75,32.125,32.875,31.925,,30.98333333,32.20833333,33.125,,33.63333333,,,31.94166667,,32.23333333,,33.55,33.21666667,33.66666667,31.80833333,33.39166667,,32.40833333,,32.25,,,20.96666667,20.9,20.04166667,21.55833333,,21.35,,20.56666667,21.33333333,20.875,19.75,20.56666667,,22.80833333,20.14166667,19.85,,21.725,,,20.675,,20.59166667,,20.425,21.86666667,19.325,22.60833333,20.9,,18.35833333,,19.86666667,,,80.16666667,83.41666667,76.25,79,,79.16666667,,80.08333333,79.83333333,75.5,74.08333333,78.33333333,,80.5,74.66666667,77.25,,78.91666667,,,80.41666667,,77.83333333,,75.5,79.5,80.16666667,86.16666667,76.91666667,,81.41666667,,78.41666667,,,183.5,202.75,148.25,160.1666667,,245.5,,140,330.5,201.3333333,139.8333333,169.8333333,,287.5,120.5833333,175.25,,71.83333333,,,304,,183.25,,149.5,182.5833333,131.5833333,329.0833333,164.4166667,,170,,283.5833333,,
1972,33.75,33.54166667,35.125,31.28333333,,33.2,,33.75,32.30833333,33.78333333,34.76666667,33.75833333,,30.40833333,34.85,34.425,,33.78333333,,,32.88333333,,32.61666667,,34.875,34.5,35.075,32.125,33.05,,33.79166667,,33.01666667,,,21.19166667,21.16666667,20.60833333,21.71666667,,21.44166667,,21.43333333,21.325,20.91666667,19.625,19.81666667,,22.10833333,20.00833333,20.25833333,,22.05,,,20.4,,20.30833333,,20.76666667,22.3,16.575,23.14166667,21.23333333,,18.19166667,,19.59166667,,,80.58333333,83.25,72.25,79,,79.16666667,,80.08333333,78,75,74.08333333,76.5,,80.5,70.16666667,73.41666667,,78.91666667,,,77.83333333,,77.83333333,,71.58333333,77,84.5,82.58333333,76.91666667,,83.66666667,,76.83333333,,,116.3333333,140.4166667,103.9166667,160.1666667,,154.5,,122.5833333,177.3333333,150.6666667,100.1666667,136.8333333,,242.5833333,79,72.5,,118.75,,,183.8333333,,151.1666667,,76.75,114.5,122.1666667,292.75,106.5833333,,165.75,,314.75,,
1973,33.11666667,32.44166667,33.55833333,32.28333333,,32.73333333,,33.46666667,32.15,33.10833333,31.33333333,32.925,31.40833333,31.2,34.6,33.81666667,,32.55833333,,,32.91666667,,32.725,31.775,34.05833333,33.58333333,30.93333333,32.1,34.05,,33.68333333,,30.6,,,21.475,21.44166667,20.95833333,21.975,,21.65,,20.85,22.1,21.35,19.775,20.03333333,21.26666667,22.2,20.3,20.78333333,,21.75833333,,,21.38333333,,20.65833333,22.275,20.80833333,22.18333333,19.75833333,23.54166667,21.375,,19.3,,20.15833333,,,83.25,83.41666667,77.16666667,79,,80.5,,75.16666667,80.58333333,78.08333333,74.08333333,79.25,80.21875,80.5,74.41666667,75.83333333,,78.91666667,,,85.83333333,,77.83333333,82.54059829,75.25,79.16666667,84.83333333,81.75,74.5,,85.33333333,,78.41666667,,,239.75,219,209.6666667,140.75,,232.5833333,,171.1666667,293.5833333,205.3333333,144,216.5833333,251.25,200.75,207.1666667,139.8333333,,130.5,,,253.3333333,,147.6666667,207.8076923,159.5,213,186.4166667,349.1666667,148.3333333,,206.9166667,,322.5833333,,
1974,32.93333333,33.10833333,34.5,33.54166667,,32.30833333,,32.625,31.975,31.45,31.33333333,33.06666667,32.74166667,32.10833333,34.70833333,34.225,33.30961538,33.875,,,32.18333333,,33.01666667,31.40833333,34.31666667,32.78333333,30.93333333,31.525,34.80833333,,33.45,,32.36666667,,,21.08333333,20.325,20.40833333,21.48333333,,21.39166667,,21.00833333,21.76666667,21.30833333,19.775,19.16666667,20.99166667,22.19166667,19.79166667,20.38333333,22.18183761,21.9,,,21.56666667,,20.33333333,21.94166667,20.90833333,21.425,19.75833333,22.125,21.275,,18.39166667,,19.94166667,,,83.25,84.83333333,78.08333333,78.83333333,,80.91666667,,75.33333333,81.33333333,75.5,74.08333333,79.83333333,76.66666667,78.5,73.58333333,76,79.83333333,74.66666667,,,81.33333333,,77.83333333,82.54059829,72,78.58333333,80.16666667,84.33333333,72.91666667,,81.41666667,,79.16666667,,,195.5,232.8333333,154.5,153.5,,310.0833333,,225,334.9166667,157.9166667,144,184.25,317.0833333,251.4166667,132.25,136.6666667,222.1666667,233.25,,,244.5833333,,144.75,207.8076923,144.6666667,191.0833333,167.5833333,326.5833333,148,,212.6666667,,429,,
1975,32.275,33.75,34.175,33.35,,32.46666667,,32.81666667,31.58333333,32.975,31.33333333,33.35,33.44166667,31.81666667,36.03333333,33.79166667,34.00833333,32.2,,,32.21666667,,34.00833333,32.64166667,33.7,33.1,30.93333333,30.35,34.44166667,,33.175,,32.3,,,20.475,20.88333333,20.48333333,21.24166667,,21.39166667,,21.125,21.65833333,21.06666667,19.775,20.375,21.24166667,22.325,20,20.48333333,22.00833333,21.75833333,,,21.45,,20.61666667,21.01666667,21.00833333,22.39166667,19.75833333,22.25833333,21.33333333,,18.875,,20.10833333,,,80.16666667,82.91666667,74.33333333,79.08333333,,79.75,,72.75,79.75,76.41666667,74.08333333,79.08333333,76.33333333,76.83333333,71.33333333,74.5,80.33333333,78.91666667,,,80.75,,77.83333333,77.58333333,71,78.5,88.16666667,83.33333333,72.16666667,,81.41666667,,78.41666667,,,154,182.1666667,119.3333333,91.5,,216.5,,151.0833333,314.6666667,178.75,144,164.5,191.1666667,289.25,149.5833333,103.5833333,197.3333333,131.8333333,,,274.9166667,,38.83333333,168.25,95.33333333,204.6666667,146.9166667,279.0833333,136.9166667,,125.75,,353,,
1976,33.73333333,33.425,35.21666667,33.70833333,,33.31666667,,32.73333333,32.075,33.33333333,31.33333333,33.65833333,33.825,34.09166667,34.45833333,35.13333333,35.54166667,34.30833333,,,30.64166667,,32.99166667,32.10833333,34.125,33.24166667,30.93333333,31.26666667,34.70833333,,32.75,,32.35833333,,,20.825,20.525,20.53333333,22.14166667,,21.1,,20.93333333,21.54166667,21.25,19.78333333,21.21666667,21.6,22.225,19.475,20.39166667,22.26666667,22.15833333,,,21.475,,19.95,21.99166667,21.075,21.975,19.75833333,21.875,21.56666667,,18.85833333,,20.09166667,,,82.5,83.5,74,79,,79.5,,73.41666667,79.75,76,74.08333333,78.33333333,80.58333333,79.58333333,70.16666667,74.5,79.08333333,72.91666667,,,80.41666667,,77.83333333,81.25,71,79.16666667,89.33333333,83.41666667,73.83333333,,81.41666667,,78.91666667,,,153.75,202.75,156.8333333,78.16666667,,236.5833333,,163.75,285.0833333,186.5,144,143.6666667,265.6666667,306.0833333,217.4166667,98.25,186.0833333,160.6666667,,,274.9166667,,211.1666667,189.0833333,118.9166667,252.5,157.9166667,327.0833333,115.5833333,,246,,377.3333333,,
1977,32.75833333,32.80833333,34.125,32.14166667,,32.675,,32.225,31.6,32.8,31.33333333,33.38333333,33.41666667,31.775,34.95833333,34.4,32.83333333,33.725,32.51551724,33.06666667,30.64166667,,30.93333333,32.88333333,34.7,32.925,30.93333333,31.49166667,34.74166667,31.79166667,33.14166667,,32.05,,32.125,21.18333333,21.16666667,20.85,21.58333333,,21.01666667,,20.75,21.525,21.18333333,19.775,21.275,21.4,22.26666667,19.99166667,20.65833333,22.13333333,22.05,22.27701149,20.7,21.46666667,,20.63333333,21.225,20.975,21.5,19.75833333,22.01666667,21.68333333,21.125,19.05833333,,20.00833333,,21.08333333,82.33333333,84.25,76.25,79,,81.33333333,,77.58333333,79.83333333,78.33333333,74.08333333,78.33333333,81.33333333,81.91666667,73.58333333,76.5,80.08333333,78.91666667,81.61190476,80.33333333,80.41666667,,77.41666667,81.25,75.91666667,81.83333333,80.16666667,85,77.08333333,79.53009259,86.08333333,,80.33333333,,73.91666667,155.1666667,239.5833333,123.25,153.5833333,,207.0833333,,177.0833333,328.8333333,155.0833333,144,153.25,264.3333333,282.8333333,228.5,125,214.0833333,139.3333333,157.5,188.25,247.6666667,,237.25,270,159.8333333,212.75,168.1666667,349.6666667,172,263.75,236.4166667,,328.5833333,,350.8333333
1978,33.325,33.31666667,33.85833333,31.21666667,,32.88333333,,31.04166667,32.33333333,33.79166667,31.33333333,33.25833333,34.325,32.475,34.45,32.36666667,35.20833333,33.925,32.51551724,33.45833333,31.375,,33.275,33.3,33.05833333,33.05833333,33.18333333,31.7,34.6,32.86666667,33.33333333,,33.38333333,,32.60833333,20.7,20.88333333,20.29166667,21.70833333,,21.00833333,,20.9,21.41666667,20.71666667,19.775,20.91666667,21.01666667,22.28333333,19.90833333,20.74166667,22.19166667,21.81666667,22.27701149,19.95,20.95833333,,20.06666667,21.24166667,20.45,22.18333333,20.175,21.825,21.525,20.58333333,17.88333333,,19.83333333,,21.05833333,79.33333333,80.83333333,76.25,79,,77.33333333,,80.08333333,77.33333333,75.16666667,74.08333333,75.91666667,76.16666667,77.08333333,72.16666667,77.25,76,76.91666667,81.61190476,77.83333333,80.41666667,,76.16666667,76.33333333,74.58333333,77.66666667,76.58333333,81.66666667,74.91666667,73.08333333,81.41666667,,76.58333333,,69.83333333,209.6666667,239.8333333,157,160.1666667,,208.75,,176.9166667,266,187.5833333,144,123.25,211.6666667,293.0833333,115.9166667,119.8333333,221.5,165.5833333,214.3333333,145.6666667,247.6666667,,160.3333333,264.5833333,144.5,197.75,178.75,232.5833333,176.5,317.75,195.5,,283,,286.75
1979,34.15,31.18333333,35.76666667,33.29166667,,33.13333333,,33.53333333,32.71666667,33.575,31.33333333,33.61666667,33.39166667,33.18333333,35.4,34.375,34.05833333,34.35833333,32.51551724,32.075,33.9,,34.425,33.39166667,34.15833333,33.69166667,32.41666667,32.675,34.575,33.25,34.08333333,,33.41666667,,32.93333333,21.55833333,21.4,21.15833333,20.74166667,,21.73333333,,21.28333333,21.975,21.68333333,19.775,21.93333333,21.68333333,22.80833333,20.59166667,21.35833333,22.15833333,22.75,22.27701149,21.20833333,21.88333333,,20.93333333,22.05,21.19166667,22.725,20.1,21.45833333,22.725,21.90833333,20.25833333,,20.25,,22.11666667,80,83.41666667,72.41666667,79.58333333,,76.75,,77.91666667,78.5,74.58333333,74.08333333,75.91666667,79.33333333,75.91666667,68.83333333,72,80.08333333,75.25,80.91666667,76.75,73.66666667,,76.33333333,81.25,71.66666667,78.91666667,71.58333333,83.33333333,69.33333333,74,83.5,,76.75,,73.5,193.75,0,185.5833333,163.4166667,,237.5833333,,121.75,64.75,153.0833333,144,150.75,224.9166667,281.6666667,129.6666667,137.5833333,244.4166667,152.75,41.16666667,156.3333333,195,,79.83333333,203.5833333,129,217,170.6666667,218.25,97.83333333,51.83333333,166.0833333,,330.3333333,,91.58333333
1980,33.325,33.08333333,34.30833333,31.43333333,,32.225,,32.73333333,32.275,33.30833333,31.15833333,33.275,33.54166667,31.75833333,34.79166667,34.49166667,32.81666667,33.59166667,32.51551724,33.90833333,33.24166667,,33.075,31.49166667,33.81666667,33.14166667,32.175,32.35833333,33.71666667,32.025,31.74166667,,32.39166667,,32.375,21.16666667,21.85,20.925,21.61666667,,21.275,,20.93333333,21.73333333,21.38333333,20.09166667,21.55833333,21.80833333,22.69166667,20.64166667,21.125,22.51666667,22.25833333,22.27701149,21.46666667,21.8,,20.69166667,21.99166667,20.91666667,22.38333333,20.5,21.69166667,21.9,21.74166667,19.43333333,,20.21666667,,21.88333333,81.5,81.25,75.16666667,79,,77.25,,79.16666667,79.83333333,75.75,74.08333333,78,77.41666667,78.75,73.08333333,74.08333333,74.83333333,81.33333333,81.75,73.33333333,76.58333333,,70,81.25,74.08333333,78.75,75.91666667,79.58333333,76.91666667,76.66666667,81.41666667,,77.91666667,,74.08333333,159.9166667,250.1666667,134.6666667,160.1666667,,236,,174.4166667,121.0833333,184.8333333,144,172.6666667,126.1666667,263.1666667,121.3333333,113.1666667,217.3333333,152.5,37.16666667,157.4166667,218.3333333,,193.4166667,197.5833333,131.3333333,271.0833333,176.6666667,333.3333333,114.25,50,194.9166667,,273.3333333,,110.0833333
1981,32.725,32.71666667,33.925,32.45833333,,31.95833333,,32.38333333,32.08333333,33.44166667,31.86666667,33.3,33.21666667,30.15833333,33.78333333,34.06666667,32.125,33.51666667,32.51551724,32.84166667,32.09166667,,32.90833333,32.675,34.45833333,32.33333333,32.725,32.15,34.00833333,32.3,31.55,,33.16666667,,31.88333333,20.93333333,21.35833333,20.58333333,21.20833333,,21.18333333,,20.48333333,21.5,21.175,20.00833333,21.09166667,21.03333333,22.3,20.175,20.56666667,21.55833333,21.39166667,22.27701149,21.025,21.20833333,,20.65,21.89166667,20.08333333,21.75833333,19.93333333,22.34166667,21.25833333,20.95,19.33333333,,20.30833333,,21.725,81.91666667,81.83333333,77.16666667,80.5,,77.5,,79,79.33333333,75.08333333,74.08333333,78.66666667,78.83333333,80.5,75.83333333,77,76,81.33333333,81.75,76.75,77.83333333,,70,76.83333333,76.25,78.58333333,80.16666667,82.75,73.41666667,75.91666667,81.41666667,,77.58333333,,76.08333333,193.5,221.9166667,144.9166667,233.4166667,,206.5,,183.1666667,254.3333333,155.4166667,176.4166667,217,276.9166667,242.5833333,186.75,156.5833333,185.75,172.5,214.3333333,184.4166667,300.8333333,,182.25,180.9166667,186.75,174.9166667,159.6666667,286.6666667,172.75,163.75,180.3333333,,361.0833333,,363.8333333
1982,33.30833333,33.175,33.69166667,33.13333333,,32.64166667,,33.24166667,33.01666667,33.80833333,33.45,33.45833333,33.58333333,32.625,34.40833333,34.825,32.5,33.59166667,32.51551724,34.29166667,32.625,,33.575,32.83333333,33.95,33.40833333,33,32.46666667,34.6,33.075,34.41666667,,33.325,,33.4,20.91666667,21.55833333,20.55,21.225,,21.30833333,,20.36666667,21.31666667,21.125,19.44166667,21.09166667,20.78333333,22.54166667,20.11666667,20.55833333,22.175,21.46666667,22.27701149,20.575,20.40833333,,20.675,22.3,20.31666667,22.29166667,20.01666667,22.125,21.425,21.03333333,19.24166667,,20.025,,21.84166667,79.66666667,81.33333333,75.33333333,79.91666667,,77,,78.83333333,78,75.5,69.91666667,76.91666667,78.75,78.83333333,72.66666667,75.16666667,75.91666667,79.16666667,81.75,72.83333333,74.08333333,,69.16666667,74.08333333,74.91666667,79.25,75.75,78.91666667,69.83333333,75.25,83.75,,77.83333333,,72,155.6666667,125.0833333,101.9166667,264,,229.75,,182.0833333,308.6666667,150.4166667,111.8333333,117.5,282.25,205.25,104.4166667,107.9166667,210.8333333,115,214.3333333,162.4166667,299.25,,196.1666667,187.3333333,91.91666667,156.5,183.4166667,285,113.3333333,212.9166667,184.25,,352.75,,344.1666667
1983,33.425,33.46666667,34.03333333,33.35,,32.40833333,,32.91666667,32.625,33.50833333,33.70833333,33.69166667,32.75,31.80833333,35.25,35,32.33333333,33.25833333,32.51551724,34.05,32.94166667,,33.23333333,33.09166667,34.6,32.89166667,33.01666667,31.79166667,34.24166667,32.375,33.275,,32.81666667,,32.425,21.13333333,21.70833333,20.5,21.625,,21.18333333,,21.11666667,22.05833333,21.425,18.96666667,21.55,21.1,22.09166667,20.2,20.9,22.09166667,21.25,22.27701149,20.35,21.04166667,,20.66666667,22.20833333,20.09166667,22.15833333,19.425,22.08333333,21.19166667,21.29166667,19.65,,20.10833333,,22.13333333,82.83333333,83.83333333,75.08333333,81.33333333,,78.33333333,,80.41666667,81.83333333,77.16666667,70.08333333,77.41666667,82,81.08333333,72.5,76.58333333,78.5,81.91666667,81.75,77.08333333,78.08333333,,72.16666667,76.75,74.33333333,76.75,77.5,83.41666667,72,77.66666667,81.41666667,,78.25,,77.08333333,192.6666667,260,147.3333333,296.9166667,,294.75,,190.5,346.1666667,199,175,187.5833333,208.8333333,312,140.25,154,204.3333333,192.5833333,214.3333333,167.5,360.3333333,,236.6666667,316.9166667,135.75,219.0833333,186.5,343,150,259,262.9166667,,401.8333333,,323.25
1984,33.375,33.83333333,33.65833333,33.16666667,,33.26666667,,33.65833333,32.80833333,33.8,33.15,33.53333333,33.39166667,32.36666667,35.225,34.50833333,33.43333333,33.73333333,32.51551724,34.23333333,33.21666667,,32.85833333,33.575,34.29166667,33.225,32.9,32.175,34.8,32.66666667,34.35,,33.99166667,,32.26666667,20.725,21.10833333,20.55833333,19.775,,20.925,,20.54166667,22.04166667,21.68333333,19.24166667,20.675,20.70833333,21.24166667,20.33333333,20.6,21.80833333,20.85833333,22.27701149,21.03333333,20.575,,20.5,21.9,20.2,20.13333333,19.55833333,21.88333333,20.78333333,20.875,19.85833333,,19.76666667,,21.69166667,84.58333333,82.25,77.16666667,79.83333333,,78.41666667,,79.5,80.91666667,74.91666667,71.66666667,76.91666667,80.5,78.75,72.25,75.75,78.5,84,81.75,73.25,80.41666667,,75.5,78.83333333,75.5,76.25,80.75,83.25,70.41666667,75,74.33333333,,77.33333333,,73.75,220.75,212.4166667,191.9166667,305.5,,214.6666667,,203.25,302.6666667,252.3333333,180.4166667,212,276.25,260.1666667,141.5,169.25,102.5833333,180.9166667,214.3333333,154.1666667,399.9166667,,223.25,197,131.25,182.5,312.3333333,219.8333333,154.4166667,298.5,203.6666667,,348.8333333,,342.1666667
1985,33.89166667,33.65833333,33.91666667,33,,32.45,,33.85833333,32.08333333,34.075,33.4,33.975,33.18333333,32.775,34.30833333,34.71666667,32.99166667,34.35,30.99166667,34.13333333,33.21666667,,32.78333333,33.26666667,34.31666667,33.8,32.8,31.35833333,35.30833333,32.65,32.85,,33.03333333,,32.54166667,21.19166667,21.6,20.81666667,21.06666667,,21.425,,21,22.08333333,22.05,20.04166667,21.21666667,21.04166667,21.1,20.45833333,21.25,21.96666667,21.44166667,22,21.28333333,21.31666667,,20.90833333,22.4,20.225,21.38333333,19.66666667,22.48333333,21.56666667,21.34166667,19.55,,20.2,,21.85833333,85.83333333,82.66666667,76.33333333,81.33333333,,79.16666667,,80.5,79.58333333,75.33333333,70,78.33333333,80.58333333,79.58333333,71.41666667,76.41666667,81.66666667,82.58333333,81.83333333,73,81.16666667,,75.58333333,83.33333333,76.5,76.41666667,80.91666667,84.58333333,70.41666667,73.25,81.41666667,,79.33333333,,74,137.0833333,133.25,141.0833333,221.8333333,,247.6666667,,136.75,294,171.0833333,174.75,123.5,256.8333333,234.75,98.16666667,131.3333333,76.91666667,111.8333333,229.0833333,193.4166667,226.4166667,,129.9166667,135.0833333,104.3333333,159.9166667,240.1666667,300.9166667,125.3333333,227.8333333,162.5833333,,334.25,,334
1986,34.15,34.03333333,34.375,33.24166667,,33.19166667,,33.575,32.60833333,34.56666667,33.60833333,34.06666667,33.51666667,32.84166667,35.13333333,34.975,33.49166667,34.76666667,31.68333333,34.39166667,33.45,,33.18333333,33.725,35.16666667,33.73333333,33.20833333,31.95,35.75833333,33.56666667,33.63333333,,33.325,,32.89166667,20.975,21.5,20.55833333,21.39166667,,21.65,,20.80833333,22.14166667,21.66666667,19.66666667,21.04166667,21.15833333,22.11666667,19.78333333,20.71666667,21.66666667,21.00833333,22.15,20.86666667,21.4,,20.85833333,21.98333333,20.15,21.03333333,19.13333333,22.58333333,21.45,21.16666667,19.48333333,,18.96666667,,21.90833333,85.5,81.83333333,77.33333333,79.91666667,,77.5,,80.41666667,78.16666667,75.41666667,70.5,78.33333333,78.91666667,81.66666667,76.33333333,77.25,85.5,81.33333333,81.33333333,73.75,81.16666667,,74.5,81.75,76.5,76.5,79.83333333,82.75,70.91666667,73.25,72.75,,77.66666667,,73.91666667,176.5833333,219.8333333,178.3333333,172.4166667,,234.1666667,,166,242.4166667,208.3333333,162.5833333,168.25,207.75,218.8333333,124.0833333,176.5,148.4166667,184.5833333,178.9166667,221.9166667,248.3333333,,266.9166667,59.58333333,125.8333333,204.0833333,192.6666667,252.6666667,166.25,239.8333333,210.6666667,,277.8333333,,314.75
1987,34.24166667,34.275,34.725,33.2,,33.075,,33.51666667,33.00833333,35.11666667,33.88333333,34.44166667,33.09166667,33.30833333,34.7,35.1,33.49166667,35.11666667,32.06666667,34.51666667,33.23333333,,33.54166667,34.19166667,35.49166667,33.225,33.44166667,32.44166667,35.99166667,33.275,33.43333333,,33.28333333,33.05833333,33.2,21.31666667,21.78333333,21.26666667,21.91666667,,21.95,,21.41666667,22.55833333,22.06666667,20.23333333,21.64166667,21.375,22.44166667,19.95833333,21.44166667,22.20833333,21.3,22.65,21.26666667,21.8,,21.35,22.36666667,20.59166667,21.225,20.24166667,22.64166667,21.775,21.41666667,19.80833333,,20.175,20.91666667,22.36666667,84.66666667,82.66666667,78,78.83333333,,78.75,,81.33333333,79.66666667,76.41666667,73.08333333,78.66666667,80.91666667,80.5,76.25,77.5,88.75,80.25,83.16666667,73.66666667,82,,79.91666667,81.33333333,76.33333333,79.66666667,84.5,82.91666667,71.5,76.08333333,74.91666667,,79.66666667,77.58333333,76.66666667,184.9166667,207.6666667,167.8333333,183.6666667,,281.1666667,,165.9166667,396.9166667,182.25,267.1666667,166.0833333,283.25,245.5833333,139.25,169.9166667,248.6666667,160.1666667,305.0833333,111.0833333,310.3333333,,193.0833333,47.08333333,129.5833333,259.5833333,266.1666667,297.0833333,134.6666667,330.6666667,171.4166667,,392.1666667,145.8333333,315.4166667
1988,32.96666667,33.29166667,34.49166667,32.80833333,,33.45,,33.28333333,33.10833333,34.475,33.55833333,33.88333333,33.81666667,32.275,32.78333333,34.325,32.58333333,34.40833333,32.25833333,33.95,33.4,,33.04166667,33.05833333,34.675,33.08333333,33.125,31.83333333,34.58333333,33.30833333,33.36666667,,33.54166667,33.48333333,33.01666667,21.65833333,21.9,20.825,22.05833333,,22.075,,21.46666667,22.575,22.1,20.26666667,21.76666667,21.65,22.55833333,20.51666667,21.34166667,22.54166667,21.85,22.7,21.44166667,21.89166667,,21.39166667,22.1,20.43333333,21.63333333,20.525,22.66666667,21.775,21.38333333,19.96666667,,20.40833333,21.35,22.04166667,84.5,85,80,79.58333333,,78.16666667,,82.16666667,80.66666667,77.25,72.41666667,80.25,81.66666667,81.75,78.58333333,78.66666667,84.33333333,81.16666667,82,74.5,82.33333333,,81.75,83.75,78.16666667,78.75,82.08333333,83,73,76.58333333,78.16666667,,80.33333333,79.08333333,76.08333333,205.3333333,193.8333333,187.5,153.9166667,,234.8333333,,187.4166667,364.75,206.8333333,185.0833333,181.9166667,249.4166667,296.75,129,164.6666667,234,162.9166667,208.4166667,153.6666667,257,,267.4166667,209.9166667,120.1666667,262.4166667,210.3333333,315.5833333,163.5833333,307.3333333,236,,457.9166667,178.3333333,272.5
1989,32.86666667,33.04166667,34.81666667,32.71666667,,32.9,34.94166667,32.825,33.26666667,34.64166667,33.74166667,33.95833333,33.30833333,32.525,34.875,34.58333333,32.44166667,34.46666667,31.86666667,34.09166667,33.04166667,33.80833333,33.275,32.71666667,35.20833333,32.925,33.33333333,31.84166667,34.91666667,33.13333333,33.61666667,,33.1,33.625,32.48333333,21.025,21.45,20.19166667,21.51666667,,21.4,20.525,20.70833333,21.725,21.66666667,19.44166667,21.03333333,21.05833333,22.05833333,19.45833333,20.675,22.125,21.16666667,21.81666667,21.08333333,21.60833333,22.38333333,20.53333333,21.94166667,19.41666667,20.88333333,19.725,22.1,21.54166667,20.50833333,19.325,,20.15833333,20.675,21.60833333,83.08333333,83.58333333,77.75,78.41666667,,76.75,79.71296296,81.75,78.41666667,74.58333333,73.83333333,78.41666667,78.75,80.33333333,75.25,77.16666667,80.58333333,78.75,81.66666667,72.33333333,81.08333333,78.33333333,79.83333333,81.83333333,75.91666667,76.83333333,79.66666667,82.83333333,77.75,77.41666667,79.83333333,,78.91666667,78.83333333,76.33333333,166.1666667,165.3333333,117.75,100.8333333,,216.5,129.4444444,119.9166667,255.5,135.5833333,159.4166667,119.8333333,260,202.3333333,103.5833333,93.08333333,186.5833333,116.8333333,178.75,93.5,209.6666667,160.4673913,191.6666667,154.1666667,110.4166667,219.75,156.5,223.4166667,112.1666667,211.5,165.75,,460.25,131.5833333,337.8333333
1990,33.375,32.69166667,33.96666667,32.73333333,,32.575,34.675,32.85833333,32.425,32.95833333,33.10833333,33.04166667,33.25,32.075,34.24166667,34.10833333,32.20833333,33.93333333,31.44166667,33.5,32.35,33.175,33.03333333,32.425,34.125,33.075,32.75,31.31666667,34.06666667,32.88333333,33.36666667,,33.375,32.96666667,31.81666667,21.19166667,21.75,20.60833333,21.9,,21.76666667,21.1,20.84166667,22.375,22.175,19.875,21.275,21.225,22.40833333,20.35,20.83333333,22.44166667,21.41666667,22.25833333,21.28333333,22.15,22.44166667,20.19166667,22.15,19.6,20.9,20.05,21.89166667,21.725,21.21666667,19.80833333,,20.63333333,20.95,22.06666667,85.25,86,82.91666667,80.91666667,,79.75,79.71296296,84.25,81.5,78.08333333,79.75,81.41666667,81.58333333,84.25,79.83333333,81.25,82.25,82.33333333,84.33333333,76.75,83.41666667,82.83333333,81.5,84.75,80.91666667,80.08333333,82.33333333,84,80.08333333,79.75,81.66666667,,81.08333333,81.25,79.66666667,198.1666667,184.9166667,173.0833333,163,,237.6666667,129.4444444,184.25,345,175.25,173.4166667,165.4166667,331.6666667,250.75,174.9166667,140.5,267.6666667,161.5,322.1666667,180.75,292.6666667,160.4673913,203.25,234.8333333,147.0833333,181.3333333,207.25,301.1666667,151.75,279.5833333,247,,373.6666667,131.6666667,299.6666667
1991,33.13333333,33.31666667,34.14166667,32.85833333,,32.65,35.95,33.275,32.925,33.66666667,33.775,33.8,33.43333333,31.75,34.48333333,34.81666667,33.21666667,34.1,31.85,33.90833333,32.63333333,33.84166667,33.59166667,32.85833333,35.025,33.51666667,33.34166667,31.78333333,34.66666667,33.26666667,33.61666667,33.4,33.225,33.46666667,32.9,21.275,21.80833333,20.48333333,21.825,,21.85,21.175,20.68333333,22.325,22.01666667,19.65833333,21.075,20.56666667,22.71666667,20.4,20.95833333,22.63333333,21.675,22.20833333,21.30833333,22.14166667,22.55,18.99166667,22.26666667,19.86666667,20.78333333,19.94166667,22.175,21.91666667,21.375,19.65,19.7,19.90833333,20.74166667,22.49166667,84.58333333,87.41666667,80.66666667,81,,79.16666667,79.71296296,85.08333333,80.58333333,75.5,78.33333333,81.16666667,81,84.41666667,78.5,80.33333333,80.83333333,81.5,83.66666667,76.41666667,82.58333333,82.33333333,81.08333333,83.16666667,79.25,79.75,81.5,83.33333333,79.75,78,81.83333333,72.41666667,80.75,80.08333333,78.91666667,199.3333333,222.3333333,190.9166667,195.5,,271.4166667,129.4444444,242.8333333,327.25,237.5,167.6666667,179.6666667,352.5833333,280.1666667,141.3333333,171,256.9166667,149.3333333,283.3333333,200.4166667,291.25,163.0833333,239.3333333,223.4166667,124.9166667,246.4166667,205.25,264.5833333,146.1666667,259.3333333,202.4166667,178.8055556,385.5833333,229,414.25
1992,33.40833333,33.11666667,34.13333333,32.85,,32.51666667,36.05833333,33.64166667,33.21666667,33.59166667,33.68333333,33.975,33.41666667,31.725,34.74166667,34.79166667,32.88333333,34.25,32.10833333,34.05833333,32.80833333,33.675,33.85833333,33.00833333,35.15833333,33.725,33.20833333,31.73333333,34.68333333,33,33.35,33.30833333,32.98333333,33.75,32.075,21.25,21.63333333,20.46666667,21.84166667,,21.88333333,20.4,20.64166667,22.19166667,21.70833333,19.19166667,20.08333333,21.2,22.60833333,20.03333333,20.6,22.16666667,21.01666667,22.26666667,21.05,22.04166667,22.3,20.68333333,22.13333333,19.725,20.66666667,19.71666667,22.9,21.44166667,21.38333333,19.35,19.375,19.35833333,20.54166667,22.23333333,84.33333333,85.83333333,78.08333333,79.41666667,,80.58333333,79.71296296,84.16666667,80.58333333,75.5,77.08333333,78.41666667,80.41666667,83.41666667,75.66666667,79.16666667,80.91666667,80.66666667,83.33333333,74.58333333,82.75,82.5,78.75,82.58333333,76,79.25,80.58333333,85,77.41666667,80,80.66666667,70.5,80.08333333,79.5,85.25,119.9166667,135.5833333,113.9166667,112.1666667,,189.5833333,129.4444444,107.0833333,241.0833333,96.58333333,137.4166667,111.3333333,145.6666667,230.25,88.58333333,111.0833333,196.5833333,101.5,233,125.5833333,169.6666667,102.6666667,132.3333333,250.5,69.91666667,144,167.1666667,240,125.6666667,192.0833333,144.9166667,178.8055556,293,130.3333333,308.4166667
1993,33.025,32.39166667,33.61666667,32.74166667,,32.11666667,35.21666667,32.89166667,32.575,33.06666667,33,33.125,32.925,31.25833333,34.08333333,34.575,32.16666667,33.79166667,32.75833333,33.54166667,31.975,33.35833333,32.71666667,32.53333333,34.80833333,32.98333333,32.775,31.5,34.275,32.34166667,33.23333333,32.38333333,32.875,33.35833333,32.21666667,20.91666667,21.35833333,20.65833333,21.8,,21.05,20.525,20.59166667,21.85,21.18333333,19.775,20.50833333,20.56666667,22.05,20.15833333,20.73333333,21.95,21.38333333,21.65,20.95833333,21.85,22.25,20.69166667,22.03333333,20.125,19.65833333,19.9,22.41666667,21.36666667,20.74166667,19.13333333,19.58333333,20.30833333,20.68333333,21.68333333,85.5,85,79.75,79.66666667,,79.83333333,79.71296296,84.25,79.91666667,77,79.5,80.16666667,80.33333333,83.5,78.33333333,80.33333333,81.16666667,80.83333333,83.91666667,75.41666667,82.33333333,82.25,80,84,78.16666667,79.25,82.91666667,84.91666667,79,80.91666667,81.25,74,80.33333333,81.16666667,80.33333333,209.6666667,232.8333333,159,182.5833333,,282.8333333,129.4444444,233.5,294.5,230.5833333,181.5833333,179.9166667,326,41.25,133.4166667,150.1666667,221.1666667,173.25,258.3333333,180,285.5,154.4166667,271.8333333,249.5,134.25,324.5833333,210,278.1666667,150,296.4166667,217.5,178.8055556,403.8333333,214.9166667,383.5833333
1994,33.39166667,32.93333333,34.775,33.14166667,,32.88333333,35.075,33.18333333,33.08333333,33.68333333,34.11666667,33.54166667,33.76666667,31,34.90833333,35.28333333,32.99166667,34.54166667,33.28333333,33.525,32.79166667,33.54166667,33.38333333,33.54166667,34.71666667,33.83333333,33.48333333,32.03333333,34.925,33.03333333,33.275,33.43333333,33.06666667,33.75,33.11666667,20.95833333,21.54166667,20.85833333,21.86666667,,21.66666667,20.55,20.59166667,22.24166667,21.35,19.85,21.075,20.825,21.70833333,20.35,20.78333333,22.18333333,21.54166667,21.625,21.25,22.05,22.43333333,20.64166667,22.05,20.45833333,20.6,20.025,22.65,21.63333333,20.79166667,19.58333333,20.23333333,20.48333333,20.58333333,21.075,79.83333333,79.33333333,75.91666667,76,,77.16666667,79.71296296,80.33333333,77.41666667,73,74.5,76,76.58333333,81.25,73.41666667,76.58333333,77.91666667,77.5,79.25,75.83333333,77.83333333,80.66666667,76.41666667,81,74,75.83333333,76.66666667,82.66666667,75.41666667,77.58333333,76.58333333,70.83333333,76.75,80.91666667,78.25,148.0833333,148.0833333,111.8333333,131,,188.1666667,129.4444444,115.3333333,296.3333333,128.3333333,95.16666667,112,166.9166667,217,88.33333333,105,203.25,94.16666667,236,138.5833333,243,134,133.6666667,217.6666667,95.16666667,169,108.4166667,242.8333333,134.5833333,214.0833333,150,178.8055556,293.4166667,145.4166667,434.6666667
1995,33.85833333,33.7,34.2,33.21666667,,33.71666667,35.28333333,33.525,33.29166667,34.46666667,34.20833333,34.025,34.05,30.15833333,35.025,34.90833333,33.275,34.68333333,33.40833333,33.93333333,33.15,34.21666667,33.15833333,33.7,35.01666667,34.58333333,32.86666667,32.6,34.90833333,33.46666667,33.96666667,33.43333333,33.85833333,34.03333333,32.95,21.15833333,21.8,21.19166667,22,,22.31666667,20.975,20.65833333,22.63333333,21.7,19.775,21.48333333,21.35833333,22.3,20.525,21.08333333,22.525,21.475,22.225,21.60833333,22.35,22.63333333,20.91666667,22.03333333,20.69166667,21.125,20.14166667,23.075,21.56666667,21.375,19.65,20.34166667,20.81666667,20.925,22.45833333,79.91666667,80.66666667,76.75,76.66666667,,77.16666667,79.71296296,81,77.91666667,73,74,76.08333333,77.75,78.66666667,73.25,77.08333333,78.25,78,79.91666667,76.75,78.66666667,80.33333333,77,81,75.08333333,75.83333333,77.66666667,83.25,76.33333333,78,75.33333333,72.33333333,77.25,80.91666667,79.33333333,188.1666667,160.6666667,188.0833333,167.4166667,,203.6666667,129.4444444,175.1666667,311.9166667,145.9166667,217.75,167.1666667,250.75,242.5833333,106.8333333,116.4166667,264.5,183.75,254.4166667,182.4166667,265.0833333,149.75,215.9166667,277.8333333,119.3333333,200.25,225.5,186.1666667,148.75,194.6666667,169.25,178.8055556,300.3333333,154.3333333,356
1996,34.26666667,33.65,34.64166667,33.50833333,,33.69166667,34.99166667,33.90833333,33.10833333,34.64166667,33.91666667,34.25833333,33.9,30.15833333,34.79166667,34.74166667,33.3,34.70833333,33.79166667,34.05,33.475,33.86666667,33.60833333,33.55833333,34.75833333,33.65,33.36666667,32.20833333,34.775,33.6,34.23333333,33.35,34.425,34.18333333,32.675,21.225,21.825,21.125,22.2,,22.13333333,20.825,20.89166667,22.39166667,21.56666667,19.88333333,21.51666667,21.45833333,21.84166667,20.46666667,20.725,22.425,21.33333333,21.775,21.63333333,22.275,22.55,20.99166667,21.85,20.54166667,20.81666667,20.15,22.90833333,21.26666667,21.23333333,19.50833333,20.40833333,20.68333333,20.86666667,22.41666667,83.66666667,83.91666667,78.66666667,79.16666667,,80.5,79.71296296,83.33333333,80.41666667,76.41666667,78.91666667,79.33333333,81.5,80.33333333,78.08333333,80.66666667,81.66666667,81.08333333,81.5,81.08333333,82.58333333,80,80,85.25,78.33333333,80.75,81.08333333,84.83333333,79.66666667,82.08333333,81.66666667,72.66666667,80.91666667,80.91666667,82.33333333,151,156.75,160.5,143.1666667,,242,129.4444444,169.6666667,311.8333333,170.3333333,132.25,150.8333333,234.6666667,242.5833333,119,147.9166667,255.0833333,122.5833333,306.5833333,170.75,236.25,151.5,134.1666667,266.0833333,105.75,221.9166667,167,275.5833333,133.25,246.75,162.8333333,178.8055556,334.25,123,360.1666667
1997,33.49166667,32.98333333,33.925,32.925,,33.375,34.475,32.86666667,33.29166667,33.625,33.41666667,33.4,33.1,30.725,34.1,34.525,32.525,34.01666667,33.13333333,33.51666667,33.01666667,33.725,32.76666667,33.175,33.99166667,33.48333333,32.55,31.83333333,34.15,33.41666667,33.425,32.625,34.1,33.25,32.46666667,20.55833333,21.29166667,20.6,21.64166667,,21.53333333,20.4,20.08333333,21.79166667,21.06666667,19.70833333,20.85,20.925,22.3,20.15833333,20.59166667,21.85833333,20.95833333,21.24166667,21.125,21.73333333,22.05833333,20.25833333,21.36666667,20.21666667,20.05,19.55833333,21.53333333,20.79166667,20.24166667,18.90833333,19.98333333,20.15833333,20.24166667,21.91666667,85.16666667,84.33333333,79.66666667,80.08333333,,80.5,79.71296296,82.66666667,79.66666667,76.91666667,79.75,79.91666667,81.83333333,80.41666667,79.16666667,81.25,82.33333333,79.66666667,81.58333333,82.41666667,82.08333333,81.41666667,80.33333333,84,79.33333333,80.58333333,82.33333333,84.75,81.08333333,83,82.08333333,72.83333333,81.66666667,81.91666667,81.16666667,146.5,164.5833333,108.4166667,156.1666667,,251.5,129.4444444,177.8333333,294.6666667,160.0833333,150.75,131.5,233.9166667,242.5833333,156.5,129.4166667,240.0833333,151.3333333,232.4166667,170.6666667,211.1666667,185.25,184,209.75,171.8333333,230.4166667,164.25,249.25,175.5833333,274.9166667,179.0833333,178.8055556,303.0833333,167.5833333,317.25
1998,33.98333333,33.525,34.59166667,33.03333333,,34.16666667,35.25,33.14166667,34.65,33.86666667,33.575,33.80833333,33.84166667,30.15833333,34.48333333,34.69166667,33.35833333,34.36666667,33.56666667,33.78333333,33.39166667,34.31666667,33.3,33.59166667,34.925,33.825,33.3,32.7,34.53333333,34.49166667,33.525,33.36666667,33.50833333,33.95833333,33.55,21.13333333,22.01666667,21.40833333,22.15,,22.40833333,21.39166667,21.125,22.85,21.975,20.56666667,21.80833333,21.75,21.84166667,21.11666667,21.425,22.49166667,22.1,22.78333333,22.1,22.45,22.83333333,21.35,22.275,21.15,21.175,20.525,22.01666667,21.725,21.225,19.83333333,20.63333333,20.975,21.16666667,22.68333333,85,86.25,81,81.25,,81.41666667,79.71296296,83.41666667,80.66666667,78.16666667,82.08333333,81.75,82.66666667,79.41666667,80.25,82.16666667,82.91666667,81.41666667,84.5,82.33333333,83.91666667,82.08333333,81.58333333,84.33333333,81.33333333,81.91666667,83.41666667,85.83333333,82.25,84.08333333,82.16666667,75.58333333,81.25,83,80.91666667,238.1666667,212.3333333,216.75,174.3333333,,321.9166667,129.4444444,209.8333333,326.1666667,192.6666667,199.25,151.5833333,308.75,242.5833333,136.3333333,124.1666667,268.0833333,166.1666667,364.3333333,183.3333333,280.6666667,200.8333333,194.75,237.6666667,128.3333333,244.1666667,197.0833333,344.9166667,143.9166667,369.5833333,160.3333333,178.8055556,365.6666667,167.3333333,353.75
1999,34.38333333,33.55,34.36666667,33.36666667,,33.76666667,35.65,33.78333333,34.475,34.48333333,34.15833333,34.05,33.9,30.725,34.83333333,35.30833333,33.3,34.80833333,32.58333333,33.18333333,33.61666667,34.35,33.725,34.26666667,35.13333333,34.54166667,33.43333333,34.05833333,34.61666667,34.49166667,35.1,34.34166667,34.625,34.18333333,33.33333333,21.29166667,21.85,21.61666667,22.35,,22.23333333,21.34166667,21.53333333,22.59166667,22.05833333,20.675,21.775,21.675,22.3,21.23333333,21.325,22.25833333,21.9,22.70833333,22.09166667,22.30833333,22.71666667,21.34166667,22.16666667,21.175,21.3,20.76666667,22.74166667,20.55,21.15833333,19.88333333,20.74166667,21.28333333,21.23333333,22.51666667,84.25,84.66666667,79,80.75,,81.5,79.71296296,82.5,81.5,75.75,81.16666667,79.58333333,81.25,82.83333333,78.08333333,80.16666667,82.58333333,80.66666667,83.75,81.66666667,82.75,81,81.41666667,83.25,79.66666667,80.33333333,82.08333333,85.33333333,79.75,83.16666667,80.16666667,74.08333333,79,81.5,81.33333333,162.9166667,217.8333333,134.1666667,218.4166667,,268.75,129.4444444,195.9166667,357.0833333,197.8333333,211.3333333,175.4166667,283.75,303.8333333,146,122.25,276.1666667,142.5,263.0833333,174.9166667,275.1666667,181.5833333,181.1666667,234.75,155.1666667,229.5,244.25,341.5833333,134.6666667,275.1666667,176.3333333,178.8055556,277.6666667,116.75,393.3333333
2000,33.39166667,33.09166667,33.60833333,32.96666667,,34.05833333,34.35833333,33.20833333,34.06666667,33.09166667,33.31666667,33.63333333,33.30833333,32.775,34.01666667,34.625,32.96666667,34.49166667,32.79166667,34.08333333,33.09166667,33.775,33.3,33.69166667,33.83333333,33.575,32.78333333,31.98333333,33.88333333,34.30833333,33.30833333,33.60833333,33.15,33.60833333,33.40833333,20.90833333,21.59166667,21.10833333,21.88333333,,21.65,21.11666667,20.925,21.93333333,21.86666667,20,21.43333333,21.28333333,21.53333333,20.74166667,20.85833333,22.125,21.3,21.88333333,21.68333333,21.90833333,22.49166667,20.84166667,21.89166667,20.65,20.65833333,20.09166667,22.09166667,21.00833333,20.68333333,19.45,19.99166667,20.53333333,20.75,21.95,84.25,83.75,79.66666667,79.25,,79.58333333,79.71296296,82.41666667,81,74.41666667,81.08333333,80.16666667,80.08333333,83.58333333,80.83333333,80.41666667,82.16666667,81,81.83333333,82.33333333,82.91666667,80.75,83,83.91666667,80.83333333,81.83333333,81.16666667,85.66666667,78.58333333,82.41666667,82.66666667,78.25,80.83333333,81.41666667,79,145.5833333,169.25,153.1666667,148.75,,278.6666667,129.4444444,170.3333333,392.25,182.75,124.8333333,164.9166667,304.25,289.8333333,150.6666667,150.9166667,240.4166667,144,261.5,159.75,234,149.9166667,188.8333333,177.5,139.1666667,227.75,145.4166667,346,166.8333333,288,260.5833333,178.8055556,376.0833333,149.3333333,415.5833333
2001,33.575,32.9,33.64166667,33.00833333,,34.55833333,34.54166667,33.49166667,33.95,33.24166667,33.69166667,33.39166667,33.86666667,32.525,33.80833333,34.625,33.26666667,34.35,32.33333333,33.71666667,33.46666667,34.06666667,33.275,34.09166667,34.11666667,34.10833333,33.35,33.31666667,33.99166667,34.625,34.05,33.86666667,34.15,31.76666667,33.15833333,20.88333333,21.55,21.15833333,21.83333333,,21.425,20.91666667,21.025,22.075,21.45,20.25,21.41666667,21.375,21.63333333,20.66666667,20.85,22.175,21.875,21.88333333,21.59166667,22.01666667,22.55833333,20.975,21.83333333,20.60833333,20.93333333,20.375,21.01666667,21.46666667,20.71666667,19.35,20.06666667,20.95,20.81666667,22.15833333,85.33333333,83.91666667,78.25,79.41666667,,77,79.71296296,82.08333333,81.91666667,74.33333333,79.5,79.75,80.08333333,82.5,78.16666667,81,82.66666667,81.5,82.08333333,82.83333333,82.08333333,80.83333333,81.41666667,84.16666667,79.5,78.66666667,80.33333333,85,79.83333333,81.5,83.16666667,78.83333333,80.16666667,80.66666667,80.41666667,185.8333333,211.5,116.0833333,181.3333333,,244.5833333,129.4444444,162.5,334.5,140.4166667,185.5,136.1666667,304.25,352.5833333,123.1666667,134.25,289.0833333,140.8333333,193.3333333,198.25,269,162.8333333,162.3333333,242.9166667,113.5833333,172.1666667,207.6666667,406.5,140.25,227.1666667,241.75,178.8055556,289.4166667,131,382.9166667
2002,33.74166667,32.38333333,33.76666667,33.36666667,,34.14166667,34.85,33.55833333,33.95833333,33.44166667,33.6,33.675,34.21666667,32.89166667,34.24166667,35.45,33.44166667,34.96666667,32.375,34.16666667,33.65,35.03333333,32.59166667,34.325,34.55,34.20833333,32.98333333,30.35,34.90833333,34.4,34.1,33.31666667,33.975,33.775,33.38333333,21.25,21.6,21.11666667,21.80833333,,21.96666667,21.10833333,20.90833333,22.525,21.525,20.28333333,21.51666667,21.25,21.5,20.76666667,20.98333333,22.25833333,21.875,22.35,21.625,21.99166667,22.44166667,20.89166667,21.75833333,20.65833333,20.75,20.5,22.25833333,21.75,20.725,19.21666667,20.15833333,20.75833333,20.775,22.14166667,84.41666667,84.16666667,81.08333333,79.08333333,,74.66666667,79.71296296,81.91666667,82.33333333,74.08333333,80.66666667,80.58333333,80.41666667,82.83333333,80.08333333,80.83333333,82.33333333,81.75,81.58333333,82,81.58333333,81.33333333,82.33333333,85.08333333,80.5,82,81.75,84.66666667,79.5,82.33333333,82.91666667,80.33333333,81.75,81.25,80.25,205.75,193.6666667,167.5833333,206.3333333,,226.25,129.4444444,178,326.5,149.0833333,212.4166667,181.5833333,221.6666667,282,116.4166667,176.6666667,235.4166667,222.3333333,199.0833333,180.4166667,260.1666667,232.1666667,199.5833333,225.3333333,120.3333333,232,215.6666667,418.6666667,158.5833333,230.1666667,262.0833333,178.8055556,289,168.3333333,327.4166667
2003,33.44166667,33.25833333,34.16666667,32.86666667,,34.06666667,34.55,33.56666667,33.91666667,33.51666667,33.13333333,33.69166667,33.21666667,32.85833333,34.23333333,34.89166667,33.05833333,34.35,32.625,33.975,33.76666667,34.2,32.96666667,33.90833333,34.59166667,34.825,33,32.2785461,33.875,34.18333333,33.525,33.225,33.70833333,33.80833333,33.01666667,21.675,21.675,21.025,22.08333333,,21.89166667,21.01666667,20.63333333,22.35833333,21.75,20.06666667,21.46666667,21.225,21.68333333,20.63333333,20.90833333,22.175,22,22.41666667,21.86666667,22.14166667,22.48333333,20.89166667,21.90833333,20.75,20.825,20.375,22.08989362,21.86666667,20.875,19.55833333,20.05,20.81666667,20.79166667,22,84.91666667,83.75,80.33333333,80.83333333,,79.91666667,80.25,82,81.91666667,74.58333333,82.25,80.66666667,80.5,82,80.58333333,81.33333333,83.16666667,81.91666667,80.16666667,82,81.91666667,81.91666667,82.33333333,87.08333333,80.08333333,80.66666667,82.08333333,83.48188406,80.58333333,82.08333333,81.5,81.33333333,79,81.41666667,80.83333333,149.5833333,151.5833333,141,143.1666667,,230.75,126.8333333,152.0833333,342.75,141.0833333,171.4166667,116.6666667,220.9166667,305.3333333,91.83333333,157.6666667,202.9166667,134.8333333,207.9166667,134,257.5833333,140.6666667,151.0833333,238.0833333,117.6666667,206.1666667,200.1666667,296.1702128,144.75,248,191.25,215.9166667,296.3333333,149.6666667,370.9166667
2004,33.4,33.23333333,33.98333333,32.89166667,,34.04166667,35.28333333,33.45,34.74166667,33.55,33.38333333,33.66666667,33,33.025,34.625,35.3,33.16666667,34.29166667,32.3,33.88333333,33.225,34.575,32.50833333,33.775,35.01666667,34.44166667,32.84166667,31.85833333,34.08333333,34.08333333,33.3,33.625,33.575,33.96666667,32.91666667,21.625,21.6,21.00833333,22.21666667,,21.925,21.025,20.99166667,22.425,21.925,20.025,21.64166667,21.125,21.51666667,20.74166667,20.78333333,21.85833333,22.10833333,22.39166667,21.9,22.2,22.38333333,20.94166667,21.875,20.73333333,20.85,20.43333333,21.6,21.79166667,20.98333333,19.59166667,20.075,20.96666667,20.83333333,22.00833333,84.41666667,84.25,79.83333333,83.58333333,,80.25,78.33333333,81.58333333,81.25,73.66666667,81.33333333,79.16666667,82.16666667,83,79.16666667,81.16666667,83.25,81.33333333,80.16666667,81.5,82.16666667,83.08333333,83,86.08333333,78.75,80.08333333,81.91666667,84.75,79.33333333,82.41666667,81,80.41666667,77.83333333,80.41666667,81.25,210.75,256.6666667,179.75,198.5833333,,243.6666667,162.5833333,202,273.5,195.5833333,191.0833333,166.75,199.5833333,333.75,149.0833333,203.6666667,206,164.8333333,211.75,185.0833333,287.0833333,158.5833333,266.0833333,220.5833333,148.8333333,259.4166667,223.3333333,389.1666667,169.4166667,270.5833333,254.6666667,232.25,355.3333333,167.0833333,345.0833333
2005,34.08333333,33.58333333,34,33.23333333,,34.45833333,35.39166667,33.59166667,33.475,33.66666667,33.50833333,34,33.325,33.14166667,34.90833333,35.64166667,33.63333333,34.28333333,33.03333333,33.90833333,33.65,34.95,32.84166667,34.325,34.625,34.2,32.79166667,33.4,34.55833333,34.46666667,33.94166667,33.45833333,34.03333333,34.08333333,33.325,21.95,22.00833333,21.3,22.575,,22.425,21.38333333,21.24166667,23.01666667,22.36666667,20.39166667,21.975,21.48333333,22.09166667,21.11666667,21.20833333,22.40833333,22.44166667,23.025,22.05833333,22.56666667,22.74166667,21.08333333,22.18333333,20.96666667,21.28333333,20.46666667,21.63333333,22.125,21.46666667,19.775,20.30833333,21.06666667,21.16666667,22.75,86,83.83333333,78.25,82.75,,80.41666667,78.5,82.08333333,80.25,73.83333333,80.75,79.5,82.33333333,83.41666667,78.75,80.75,82.75,82.41666667,80.16666667,81.83333333,82.08333333,84.08333333,82.83333333,84.58333333,78.75,79.75,81.75,84.16666667,79.08333333,82.83333333,81.08333333,80,78.83333333,80.58333333,81.83333333,161.9166667,197.1666667,174.25,128.25,,194.25,123.5,202,282,219.75,247.9166667,137.5,239,317.8333333,151.5833333,139.8333333,279,165.1666667,227.25,158.75,236.0833333,200.5,222.6666667,225.25,117.0833333,177,237.75,255.5833333,165.1666667,252.5,197.9166667,220.8333333,346.9166667,168.0833333,332.6666667
2006,34.30833333,33.9,34.71666667,33.775,,34.65833333,35.86666667,33.96666667,33.45,34.61666667,34.24166667,34.85833333,33.55,33.21666667,35.3,36.11666667,34.2,34.95833333,32.78333333,34.35,34.29166667,35.2,33.68333333,34.53333333,35.25833333,34.55,33.3,34.1,34.71666667,34.99166667,34.54166667,33.98333333,34.83333333,34.73333333,32.75,21.94166667,22.19166667,21.41666667,22.49166667,,22.36666667,21.09166667,21.41666667,22.70833333,22.425,20.61666667,21.85,21.725,22.175,20.85833333,21.06666667,22.53333333,22.38333333,22.85833333,22.08333333,22.49166667,22.78333333,21.25833333,22.325,20.91666667,21.2,20.78333333,21.41666667,22.15,21.28333333,20.00833333,20.43333333,21.425,21.15833333,22.3,84.58333333,84.25,78.08333333,81.33333333,,80.25,78.16666667,81.33333333,79.41666667,72.25,78.75,78.83333333,81.75,84.75,78.33333333,80.33333333,82.08333333,79.58333333,79.83333333,81.5,82.25,83,84.41666667,84,78.33333333,78.58333333,80.58333333,82.66666667,79.08333333,82.33333333,80,79.41666667,76.75,80.33333333,81.58333333,166.5,182.4166667,92.16666667,142.8333333,,197.9166667,121,158.1666667,294.0833333,159.9166667,107.0833333,137.4166667,173.8333333,245.0833333,107.1666667,147.4166667,220.6666667,171.75,247.25,125.25,212.25,145.4166667,163.4166667,190.5833333,95.41666667,193,140.1666667,259.25,166.75,169.25,163.9166667,171.0833333,293.8333333,193.75,394.3333333
2007,33.54166667,33.15,34.59166667,33.81666667,,34.50833333,34.91666667,33.23333333,33.525,33.9,34.25,34.1,33.2,32.81666667,35.25,35.325,33.44166667,34.00833333,32.56666667,34.06666667,34.05833333,34.18333333,33.53333333,33.86666667,35.05833333,33.90833333,33.525,33.3,34.11666667,34.59166667,33.375,34.375,34.33333333,34.3,32.625,21.43333333,21.65833333,21.075,21.95,,21.8,20.65,21.06666667,22.3,21.78333333,20.375,21.39166667,21.40833333,21.78333333,20.55,20.89166667,22.05833333,21.96666667,22.825,21.61666667,21.7,22.325,20.9,21.84166667,20.61666667,20.59166667,20.6,21.15833333,21.85833333,20.85833333,19.41666667,20.20833333,20.80833333,20.75,22.075,83.83333333,83.91666667,78.08333333,81.41666667,,81.33333333,81,81.91666667,79.41666667,74,78.91666667,78.5,82,82.75,78.58333333,80.66666667,81.75,81.83333333,80.66666667,81.91666667,82.83333333,82,83.83333333,84.58333333,79.33333333,81.08333333,80.91666667,83.08333333,80,83.41666667,82.16666667,79.75,78.5,80.5,80.41666667,194,194,159.9166667,194.8333333,,361.6666667,149.75,208.0833333,333.8333333,240.4166667,131.5833333,170,295.25,329.5833333,131.0833333,176.5833333,269.25,175.9166667,263.5,171.75,292.8333333,165.5,231.8333333,238.0833333,168.1666667,256.3333333,169.75,358.75,156,333.6666667,209.75,157.4166667,361.5,188.1666667,372.0833333
2008,33.54166667,33.15,33.91666667,33.88333333,,32.41666667,34.10833333,33.56666667,33.46666667,33.675,33.39166667,33.8,33.49166667,32.68333333,34.25833333,34.85,32.89166667,34.03333333,32.40833333,33.76666667,33.825,34.20833333,33.10833333,33.65833333,34.25833333,34.55,32.89166667,33.60833333,34.03333333,34.325,33.85,33.4,34.00833333,33.725,33.1,21.65,21.81666667,21.25,22,,22.075,20.91666667,21.14166667,22.30833333,22.175,20.5,21.55833333,21.475,21.675,20.76666667,20.8,22.19166667,22.2,22.525,21.825,21.975,22.39166667,21.14166667,21.9,20.70833333,20.86666667,20.575,20.75833333,21.53333333,20.80833333,19.74166667,20.25833333,20.96666667,21.09166667,21.78333333,84.08333333,85.66666667,79.16666667,81.16666667,,80.08333333,81.33333333,81.83333333,79.25,74.33333333,80.75,79.66666667,82.58333333,83.75,80.33333333,81.58333333,82.5,81.41666667,80.08333333,82.16666667,82.66666667,81.58333333,84.16666667,84.16666667,79.91666667,79.83333333,82,83.08333333,81.25,83.58333333,81.41666667,80.08333333,79.16666667,81.16666667,82,155.3333333,167.6666667,149.25,178.3333333,,252.6666667,154.25,171.4166667,345.3333333,198.75,147.6666667,120.25,239.5,294.25,108.6666667,157.3333333,252,133,264.25,139.9166667,250.3333333,140.8333333,186.5833333,209.5,109.5833333,148.3333333,158.9166667,308.5,128.5833333,245.4166667,156.25,161.5833333,279.25,154.6666667,451
2009,34.225,33.825,34.68333333,34.39166667,34.13055556,32.925,35.07536232,34.18333333,34.06666667,34.65833333,33.95833333,34.975,33.725,33.41666667,35.24166667,36.25,33.725,35.04166667,32.625,34.81666667,34.35,34.98333333,33.64166667,34.68333333,35.25,34.46666667,33.51666667,33.6,35.11666667,34.66666667,34.275,33.55119048,34.38333333,34.975,33.01666667,21.875,22.125,21.19166667,22.15833333,21.79444444,22.25,20.85036232,21.36666667,22.56666667,22.53333333,20.53333333,21.68333333,21.61666667,22.10833333,20.775,20.83333333,22.36666667,22.4,22.69166667,21.7,22.49166667,22.68333333,21.24166667,22.23333333,20.68333333,20.95,20.7,21.65833333,21.625,21.175,19.63333333,20.13253968,21.29166667,20.98333333,22.25833333,82.5,84.33333333,76.83333333,79.58333333,78.88888889,78.41666667,79.71296296,80.41666667,77.83333333,70.5,78.16666667,77.08333333,78.08333333,82.66666667,77,78.58333333,81.25,79.5,78.58333333,81,82,80.33333333,82.41666667,83.66666667,77.08333333,78.41666667,80.58333333,82.5,79.16666667,82.08333333,80.41666667,76.62698413,76.83333333,78.41666667,80.25,151.6666667,160,117.5,128.8333333,243.9444444,288.4166667,129.4444444,152,273.5833333,160.9166667,168.75,179.4166667,248.75,256.6666667,107.6666667,132,190.75,150.5,221.5,131.6666667,234,143.3333333,138.5,192.4166667,86.91666667,199.5833333,184.75,301.1666667,120.8333333,259.9166667,204.3333333,178.8055556,273.9166667,115.9166667,332.25
2010,34.1,33.68333333,34.95833333,34.81666667,,33.15,35.07536232,34.2,34.14166667,34.24166667,34.38333333,34.70833333,33.55,33.775,35.61666667,35.6,34.15833333,34.73333333,32.80833333,34.275,34.225,35.08333333,33.8,34.75833333,35.73333333,34.90833333,33.31666667,33.60833333,34.59166667,34.96666667,34.375,33.55119048,34.35833333,34.59166667,33.35,22.225,22.29166667,21.60833333,22.45833333,,22.475,20.85036232,21.7,22.99166667,22.825,20.66666667,22.05833333,21.925,22.41666667,21.11666667,21.46666667,22.81666667,22.675,23.05,21.91666667,22.76666667,22.925,21.4,22.575,21.01666667,21.30833333,20.63333333,22.075,22.44166667,21.39166667,19.83333333,20.13253968,21.13333333,21.29166667,22.71666667,82.5,83.66666667,76.75,80.33333333,,79.5,79.71296296,80.66666667,78.33333333,71,77.75,78.08333333,79.41666667,81.75,77.83333333,77.83333333,81.41666667,79.25,78.08333333,81.5,81.58333333,80.08333333,82.5,88.91666667,77.83333333,79.25,80.25,79.25,79.5,82.25,80.66666667,76.62698413,77.83333333,79.41666667,82.75,138.5,147.6666667,105.9166667,147.0833333,,203.0833333,129.4444444,131.5,286.5,126.9166667,136.75,162.5833333,225.75,280.6666667,74.41666667,117.4166667,214,113.0833333,225.1666667,110.8333333,250.1666667,139.4166667,174.5833333,180.5833333,66,220.4166667,175.1666667,292.4166667,107.9166667,239,190.8333333,178.8055556,411.5833333,145.8333333,355.3333333
2011,33.975,33.4,34.325,33.85833333,34.20833333,32.8,34.825,33.39166667,33.45833333,33.65833333,33.55,34.18333333,33.68333333,33.23333333,34.375,34.99166667,33.83333333,34.70833333,32.38333333,33.86666667,33.66666667,34.35833333,32.95833333,34.65833333,34.43333333,34.1,33.16666667,33.61666667,33.9,34.36666667,33.91666667,33.85833333,34.34166667,33.93333333,32.625,21.35,21.45,20.95833333,21.575,21.78333333,21.65,20.28333333,21.05,21.975,21.93333333,20.125,21.20833333,21.03333333,21.55,20.25,20.48333333,21.81666667,21.84166667,22.18333333,21.05,22.00833333,22.11666667,20.825,21.59166667,20.25833333,20.35833333,20.34166667,21.25,21.80833333,20.475,19.325,20.08333333,20.91666667,20.75,21.66666667,82.58333333,83.58333333,77.91666667,80.08333333,79,78.25,80.58333333,80,78.83333333,71.5,78.91666667,78.33333333,82.41666667,82.91666667,79.08333333,78.66666667,81.41666667,79.91666667,79.66666667,81.83333333,81.83333333,80.41666667,81.83333333,84.58333333,80.25,79.58333333,80.08333333,82.58333333,78.91666667,81.08333333,80.5,79.16666667,76.83333333,80.16666667,80.75,159.0833333,167.9166667,143.4166667,177.3333333,260.6666667,258.4166667,135.1666667,157,370,148,137,125.75,266.1666667,320.1666667,144.6666667,113.4166667,257.6666667,162.3333333,324.5,134.4166667,269.5,187.25,178.9166667,201.1666667,122.9166667,196.75,161,355,176.75,313.1666667,170.8333333,157.5,258.4166667,153.25,412.8333333
2012,34.10833333,33.40833333,34.64166667,34.18333333,34.15833333,32.75,35.54166667,33.2,33.68333333,34.11666667,33.825,34.33333333,33.56666667,33.11666667,35.21666667,35.69166667,34.34166667,34.85833333,32.75833333,34.03333333,33.54166667,34.7,33.39166667,34.225,35.475,34.43333333,33.2,33.875,34.59166667,34.74166667,34.05833333,33.89166667,34.525,34.21666667,32.8,21.60833333,21.63333333,21.125,21.91666667,21.88333333,22.05833333,20.575,21.31666667,22.21666667,22.25,20.04166667,21.45833333,21.08333333,21.725,20.54166667,20.91666667,22.20833333,22.21666667,22.175,21.23333333,22.24166667,22.48333333,20.83333333,21.94166667,20.51666667,20.50833333,20.18333333,21.725,22.01666667,20.825,19.41666667,20.00833333,20.83333333,20.84166667,22.20833333,82.91666667,83.33333333,75.75,79.91666667,80.33333333,79.83333333,78.83333333,80.66666667,78.91666667,70.75,76.66666667,78,82.16666667,83.75,78.33333333,77.91666667,80.58333333,82.83333333,83.08333333,81.5,81.66666667,80.08333333,81.33333333,84.33333333,76.91666667,79.5,78.33333333,82.33333333,78.16666667,82.41666667,79.75,77.75,78.33333333,79,79.5,134.75,124.4166667,95,146.4166667,272.9166667,303.5833333,94.83333333,160.75,343.5833333,110.75,125.9166667,106.5833333,240.4166667,250.4166667,88.5,108.75,219,137.0833333,389.75,128.8333333,205.5,148.6666667,123.25,157.9166667,97,234.75,156.4166667,340.0833333,121.5,327.75,160.5833333,149.1666667,384.1666667,122.4166667,405.75
2013,33.73333333,33.80833333,34.49166667,34.01666667,34.025,32.58333333,34.93333333,33.65,33.73333333,34.175,34.125,34.34166667,33.675,33.475,34.45833333,34.86666667,33.86666667,34.58333333,32.36666667,34.04166667,33.75,34.41666667,33.8,34.275,35.3,34.4,33.40833333,33.76666667,33.96666667,34.28333333,34.38333333,34.325,34.85,34.475,32.49166667,21.41666667,21.45833333,21.225,21.825,21.71666667,21.98333333,20.26666667,21.25833333,22.3,22.19166667,20.05833333,21.375,21.1,21.41666667,20.425,20.78333333,21.75,21.81666667,21.71666667,21.03333333,22.20833333,22.1,20.89166667,21.625,20.55,20.45,20.44166667,21.375,21.71666667,20.675,19.175,20.14166667,20.78333333,20.65,21.975,82.83333333,82.5,76.91666667,80.08333333,77.33333333,79.83333333,80.41666667,80.16666667,79.16666667,71.25,78,78.5,81.08333333,83.16666667,78.91666667,77.83333333,80.41666667,81.66666667,85,81.25,79.75,80.08333333,80.91666667,83.16666667,78.66666667,78.25,78.41666667,81.66666667,79,81.58333333,80.16666667,78.58333333,76.25,78.58333333,79.41666667,193.4166667,182.8333333,101.5833333,212.0833333,198.25,213.4166667,97.08333333,136.9166667,338.25,132.5,152.25,136.5833333,207.3333333,286.3333333,94.08333333,139.6666667,260,172,350.25,179.3333333,253.6666667,152.5833333,144.9166667,221.5,104,162.5,159.6666667,265.25,138.5,216.5,196,143.5,318.75,98.5,348.8333333
